S:S,S_Club_7:S_Club_7,S_Club_8:S_Club_8,S%27Express:S%27Express,S%27ila:S%27ila,S-Crew:S-Crew,S-Factor:S-Factor,S-Tone_Inc.:S-Tone_Inc,S._Carey:S._Carey,S.A.R.S.:S.A.R.S,S.A.Y.:S.A.Y,S.B.D.W:S.B.D.W,S.B.H._Project:S.B.H._Project,S.C.A.L.P.:S.C.A.L.P,S.E.E.D.:S.E.E.D,S.E.S.:S.E.S,S.F._Seals:S.F._Seals,S.F.A.:S.F.A,S.F.R.:S.F.R,S.H.A.P.T.:S.H.A.P.T,S.H.E:S.H.E,S.H.E.:S.H.E,S.I.A.:S.I.A,S.I.N.A.:S.I.N.A,S.J._Tucker:S.J._Tucker,S.L.A.B.:S.L.A.B,S.M.S.:S.M.S,S.O.A.:S.O.A,S.O.A.P.:S.O.A.P,S.O.B.:S.O.B,S.O.S.:S.O.S,S.P._Balasubrahmanyam:S.P._Balasubrahmanyam,S.P.M.:S.P.M,S.P.O.C.K:S.P.O.C.K,S.P.O.R.T.:S.P.O.R.T,S.T.R.E.E.T.S.:S.T.R.E.E.T.S,S.T.U.N.:S.T.U.N,S.U.:S.U,S.V.D:S.V.D,S.Y.P.H.:S.Y.P.H,S1:S1,S2s:S2s,S3RL:S3RL,Sa_%26_Guarabyra:Sa_%26_Guarabyra,Saaa:Saaa,Saafir:Saafir,Saalschutz:Saalschutz,Saattue:Saattue,Saavedra:Saavedra,Saawariya:Saawariya,Saba:Saba,Sabac:Sabac,Sabado_Domingo:Sabado_Domingo,Sabaka:Sabaka,Sabakuta:Sabakuta,Sabaoth:Sabaoth,Sabaton:Sabaton,Sabatum_Quartet:Sabatum_Quartet,Sabbat:Sabbat,Sabbat_(UK):Sabbat_(UK),Sabbath_Assembly:Sabbath_Assembly,Saber_Voar:Saber_Voar,Sabertooth:Sabertooth,Sabertooth_Zombie:Sabertooth_Zombie,Sabhankra:Sabhankra,Sabi:Sabi,Sabina_Babayeva:Sabina_Babayeva,Sabina_Baltzar_Roth:Sabina_Baltzar_Roth,Sabina_Ddumba:Sabina_Ddumba,Sabine_Paturel:Sabine_Paturel,Sabotage:Sabotage,Sabotage_Q.C.Q.C.%3F:Sabotage_Q.C.Q.C.%3F,Sabota%C5%BC:Sabota%C5%BC,Saboten:Saboten,Sabrepulse:Sabrepulse,Sabrina:Sabrina,Sabrina_(PH):Sabrina_(PH),Sabrina_(PT):Sabrina_(PT),Sabrina_Bryan:Sabrina_Bryan,Sabrina_Carpenter:Sabrina_Carpenter,Sabrina_Cuie:Sabrina_Cuie,Sabrina_Guida:Sabrina_Guida,Sabrina_Johnston:Sabrina_Johnston,Sabrina_Sabrok:Sabrina_Sabrok,Sabrina_Setlur:Sabrina_Setlur,Sabrina_Sloan:Sabrina_Sloan,Sabrina_Starke:Sabrina_Starke,Sabrina_Taylor:Sabrina_Taylor,Sabroso:Sabroso,Sabwarfare:Sabwarfare,Sab%C3%BA:Sab%C3%BA,Sacario:Sacario,Saccara:Saccara,Saccharine_Trust:Saccharine_Trust,Sacha_Baron_Cohen:Sacha_Baron_Cohen,Sacha_Distel:Sacha_Distel,Sacha_Sacket:Sacha_Sacket,Sacha_Tran:Sacha_Tran,Sackville:Sackville,Sacramentum:Sacramentum,Sacramentun:Sacramentun,Sacre:Sacre,Sacre_Scuole:Sacre_Scuole,Sacred_Hoop:Sacred_Hoop,Sacred_Lynch:Sacred_Lynch,Sacred_Mother_Tongue:Sacred_Mother_Tongue,Sacred_Oath:Sacred_Oath,Sacred_Pledge:Sacred_Pledge,Sacred_Reich:Sacred_Reich,Sacred_Rite:Sacred_Rite,Sacred_Steel:Sacred_Steel,Sacred_Sunday:Sacred_Sunday,Sacred_Tuesday:Sacred_Tuesday,Sacred_Warrior:Sacred_Warrior,Sacrifice:Sacrifice,Sacrificium:Sacrificium,Sacrilege:Sacrilege,Sacrilege_(UK):Sacrilege_(UK),Sacrilegio:Sacrilegio,Sacrist:Sacrist,Sad_Alice_Said:Sad_Alice_Said,Sad_Brad_Smith:Sad_Brad_Smith,Sad_Breakfast:Sad_Breakfast,Sad_Caf%C3%A9:Sad_Caf%C3%A9,Sad_Day_For_Puppets:Sad_Day_For_Puppets,Sad_Lovers_And_Giants:Sad_Lovers_And_Giants,Sad_Theory:Sad_Theory,Sadaharu:Sadaharu,Sadahzinia:Sadahzinia,Sadao_Watanabe:Sadao_Watanabe,Sadat_X:Sadat_X,Saddest_Girl_Story:Saddest_Girl_Story,Saddles:Saddles,Sade:Sade,Sadek:Sadek,Sadeki:Sadeki,Sadetanssi:Sadetanssi,Sadie:Sadie,Sadie_Ama:Sadie_Ama,Sadies_Doll:Sadies_Doll,SadiQ:SadiQ,Sadist:Sadist,Sadistic_Intent:Sadistic_Intent,Sadistik:Sadistik,Sadistik_%26_Kid_Called_Computer:Sadistik_%26_Kid_Called_Computer,Sadness:Sadness,Sads:Sads,Sadus:Sadus,Sae_Lis%27:Sae_Lis%27,Saeko:Saeko,Saer_Ze:Saer_Ze,Saetia:Saetia,Saez:Saez,Safam:Safam,Safe_As_Houses:Safe_As_Houses,Safe_In_Heaven_Dead:Safe_In_Heaven_Dead,Safemode:Safemode,Safer:Safer,Safety_In_Numbers:Safety_In_Numbers,Safety_Scissors:Safety_Scissors,SafetySuit:SafetySuit,Safeway:Safeway,Saffire_-_The_Uppity_Blues_Women:Saffire_-_The_Uppity_Blues_Women,Saffron:Saffron,Saffron_Hill:Saffron_Hill,Safi_%26_Spreej:Safi_%26_Spreej,Safia:Safia,Safire:Safire,Safri_Duo:Safri_Duo,Saft:Saft,Safura:Safura,Safura_(MY):Safura_(MY),Saga:Saga,SaGa:SaGa,Saga_(IT):Saga_(IT),Saga_(SE):Saga_(SE),Sage_Francis:Sage_Francis,Sage_The_Gemini:Sage_The_Gemini,Sagi_Rei:Sagi_Rei,Sagitaire:Sagitaire,Sagittarius:Sagittarius,SaGoh_Twentyfourseven:SaGoh_Twentyfourseven,Sagopa_Kajmer:Sagopa_Kajmer,Sagrado_Cora%C3%A7%C3%A3o_Da_Terra:Sagrado_Cora%C3%A7%C3%A3o_Da_Terra,Sahara:Sahara,Sahara_Davenport:Sahara_Davenport,Sahara_Hotnights:Sahara_Hotnights,Sahara_Smith:Sahara_Smith,Sahara_Snow:Sahara_Snow,Sahg:Sahg,Sahlene:Sahlene,Sahrud_%26_Seyduna:Sahrud_%26_Seyduna,Said_Bert:Said_Bert,Said_Mike:Said_Mike,Said_Radio:Said_Radio,Said_Sadly:Said_Sadly,Said_The_Whale:Said_The_Whale,Saidian:Saidian,Saidmike:Saidmike,Saige:Saige